NASA Langley Research Center,Application,LAR-17841-1,0,03/10/2034,2014
NASA Langley Research Center,Application,LAR-17996-1,,03/10/2034,2014
NASA Langley Research Center,Application,LAR-18318-1,,02/27/2034,2014
NASA Glenn Research Center,Application,LEW-18486-2,0,01/30/2034,2014
NASA Glenn Research Center,Application,LEW-18970-1,,01/17/2034,2014
NASA Glenn Research Center,Application,LEW-19029-1,,02/27/2034,2014
NASA Glenn Research Center,Application,LEW-19040-1,,02/28/2034,2014
NASA Glenn Research Center,Application,LEW-19053-1,,02/28/2034,2014
NASA Marshall Space Flight Center,Application,MFS-32853-1,,03/04/2034,2014
NASA Marshall Space Flight Center,Application,MFS-33007-1,,02/27/2034,2014
NASA Marshall Space Flight Center,Application,MFS-33022-1,,02/27/2034,2014
NASA Johnson Space Center,Application,MSC-25626-1,0,03/07/2034,2014
NASA Armstrong Flight Research Center,Application,DRC-011-002,,02/05/2033,2013
NASA Armstrong Flight Research Center,Application,DRC-012-005,,02/05/2033,2013
NASA Armstrong Flight Research Center,Application,DRC-012-006,,01/03/2033,2013
NASA Goddard Space Flight Center,Application,GSC-16700-1,,09/30/2033,2013
NASA Goddard Space Flight Center,Application,GSC-16301-1,,02/20/2033,2013
NASA Goddard Space Flight Center,Application,GSC-16485-1,,09/26/2033,2013
NASA Goddard Space Flight Center,Application,GSC-16516-1,,09/09/2033,2013
NASA Goddard Space Flight Center,Application,GSC-16555-1,,09/11/2033,2013
NASA Goddard Space Flight Center,Application,GSC-16674-1,,09/30/2033,2013
NASA Goddard Space Flight Center,Application,GSC-16795-1,,01/04/2033,2013
NASA Goddard Space Flight Center,Application,GSC-16805-1,,09/30/2033,2013
NASA Goddard Space Flight Center,Application,GSC-16808-1,,09/30/2033,2013
NASA Goddard Space Flight Center,Application,GSC-16859-1,,09/26/2033,2013
NASA Goddard Space Flight Center,Application,GSC-16887-1,,09/26/2033,2013
NASA Langley Research Center,Application,LAR-17636-1,0,01/29/2033,2013
NASA Langley Research Center,Application,LAR-18090-1,,03/06/2033,2013
NASA Langley Research Center,Application,LAR-17848-1,0,03/12/2033,2013
NASA Langley Research Center,Application,LAR-17887-1,,01/17/2033,2013
NASA Langley Research Center,Application,LAR-17947-1,,02/25/2033,2013
NASA Langley Research Center,Application,LAR-17993-2,,01/03/2033,2013
NASA Langley Research Center,Application,LAR-18257-1,,12/13/2033,2013
NASA Langley Research Center,Application,LAR-18040-1,,03/29/2033,2013
NASA Langley Research Center,Application,LAR-18065-1,,04/11/2033,2013
NASA Langley Research Center,Application,LAR-18070-1,,06/20/2033,2013
NASA Langley Research Center,Application,LAR-18073-1,,07/12/2033,2013
NASA Langley Research Center,Application,LAR-18089-1,,03/06/2033,2013
NASA Langley Research Center,Application,LAR-18127-1,,06/10/2033,2013
NASA Langley Research Center,Application,LAR-18144-1,,03/15/2033,2013
NASA Langley Research Center,Application,LAR-18160-1,,04/17/2033,2013
NASA Langley Research Center,Application,LAR-18179-1,,03/11/2033,2013
NASA Langley Research Center,Application,LAR-18183-1,,03/15/2033,2013
NASA Langley Research Center,Application,LAR-18184-1,,08/23/2033,2013
NASA Langley Research Center,Application,LAR-18204-1,,03/13/2033,2013
NASA Langley Research Center,Application,LAR-18211-1,,03/01/2033,2013
NASA Langley Research Center,Application,LAR-18217-1,,02/20/2033,2013
NASA Langley Research Center,Application,LAR-18246-1,,02/13/2033,2013
NASA Langley Research Center,Application,LAR-18266-1,,11/14/2033,2013
NASA Langley Research Center,Application,LAR-18270-1,,11/14/2033,2013
NASA Langley Research Center,Application,LAR-18301-1,,03/15/2033,2013
NASA Glenn Research Center,Application,LEW-17618-3,,07/29/2033,2013
NASA Glenn Research Center,Application,LEW-18426-2,0,07/15/2033,2013
NASA Glenn Research Center,Application,LEW-18825-1,0,03/14/2033,2013
NASA Glenn Research Center,Application,LEW-18844-1,,06/14/2033,2013
NASA Glenn Research Center,Application,LEW-18849-1,,05/31/2033,2013
NASA Glenn Research Center,Application,LEW-18858-1,,05/29/2033,2013
NASA Glenn Research Center,Application,LEW-18873-1,,08/15/2033,2013
NASA Glenn Research Center,Application,LEW-18887-1,,02/01/2033,2013
NASA Glenn Research Center,Application,LEW-18902-1,,12/02/2033,2013
NASA Glenn Research Center,Application,LEW-18903-1,,06/21/2033,2013
NASA Glenn Research Center,Application,LEW-18923-1,,08/09/2033,2013
NASA Glenn Research Center,Application,LEW-18934-1,,05/23/2033,2013
NASA Glenn Research Center,Application,LEW-18939-1,,06/13/2033,2013
NASA Glenn Research Center,Application,LEW-18942-1,,02/20/2033,2013
NASA Glenn Research Center,Application,LEW-18949-1,,06/21/2033,2013
NASA Glenn Research Center,Application,LEW-18957-1,,10/08/2033,2013
NASA Glenn Research Center,Application,LEW-18964-1,,05/30/2033,2013
NASA Glenn Research Center,Application,LEW-19013-1,,12/03/2033,2013
NASA Glenn Research Center,Application,LEW-19045-1,,08/16/2033,2013
NASA Marshall Space Flight Center,Application,MFS-33054-1,,09/06/2033,2013
NASA Marshall Space Flight Center,Application,MFS-32830-1-CIP,,03/07/2033,2013
NASA Marshall Space Flight Center,Application,MFS-32944-1,,05/16/2033,2013
NASA Marshall Space Flight Center,Application,MFS-32945-1,,11/18/2033,2013
NASA Marshall Space Flight Center,Application,MFS-32986-1,,08/07/2033,2013
NASA Marshall Space Flight Center,Application,MFS-33031-1,,07/24/2033,2013
NASA Marshall Space Flight Center,Application,MFS-33060-1,,12/12/2033,2013
NASA Johnson Space Center,Application,MSC-24758-1,0,03/11/2033,2013
NASA Johnson Space Center,Application,MSC-24798-1,0,03/08/2033,2013
NASA Johnson Space Center,Application,MSC-25286-1,0,03/11/2033,2013
NASA Johnson Space Center,Application,MSC-25313-1,0,02/22/2033,2013
NASA Johnson Space Center,Application,MSC-25386-1,0,07/26/2033,2013
NASA Johnson Space Center,Application,MSC-25632-1,0,03/14/2033,2013
NASA Johnson Space Center,Application,MSC-25758-1,0,03/11/2033,2013
NASA Johnson Space Center,Application,MSC-25759-1,0,03/11/2033,2013
NASA Johnson Space Center,Application,MSC-25760-1,0,03/11/2033,2013
NASA Jet Propulsion Laboratory,Application,NPO-48413-1,,02/04/2033,2013
NASA Jet Propulsion Laboratory,Application,NPO-48539-1,,04/08/2033,2013
NASA Jet Propulsion Laboratory,Application,NPO-49086-1,,12/10/2033,2013
NASA Armstrong Flight Research Center,Issued,DRC-009-026,8447443,02/07/2032,2012
NASA Armstrong Flight Research Center,Application,DRC-011-015,,05/31/2032,2012
NASA Armstrong Flight Research Center,Application,DRC-012-011,,07/05/2032,2012
NASA Goddard Space Flight Center,Application,GSC-15829-1,0,08/31/2032,2012
NASA Goddard Space Flight Center,Application,GSC-15949-1,0,08/31/2032,2012
NASA Goddard Space Flight Center,Application,GSC-16008-1,,08/31/2032,2012
NASA Goddard Space Flight Center,Application,GSC-16146-1,,08/31/2032,2012
NASA Goddard Space Flight Center,Application,GSC-16182-1,,08/27/2032,2012
NASA Goddard Space Flight Center,Application,GSC-16193-1,,12/19/2032,2012
NASA Goddard Space Flight Center,Application,GSC-16299-1,,09/19/2032,2012
NASA Goddard Space Flight Center,Application,GSC-16460-1,,08/23/2032,2012
NASA Langley Research Center,Issued,LAR-17243-1,8411214,02/01/2032,2012
NASA Langley Research Center,Issued,LAR-17638-1,8508413,03/02/2032,2012
NASA Langley Research Center,Application,LAR-17694-1,0,03/09/2032,2012
NASA Langley Research Center,Issued,LAR-17695-1,8658004,08/01/2032,2012
NASA Langley Research Center,Application,LAR-17801-1,0,08/03/2032,2012
NASA Langley Research Center,Application,LAR-17813-1,0,08/17/2032,2012
NASA Langley Research Center,Issued,LAR-17908-1,8655094,04/23/2032,2012
NASA Langley Research Center,Application,LAR-18097-1,,08/22/2032,2012
NASA Langley Research Center,Application,LAR-17923-1,,11/14/2032,2012
NASA Langley Research Center,Application,LAR-17958-1,,07/16/2032,2012
NASA Langley Research Center,Issued,LAR-17993-1,8662213,05/06/2032,2012
NASA Langley Research Center,Issued,LAR-18006-1,8671551,02/01/2032,2012
NASA Langley Research Center,Application,LAR-18006-2,,02/01/2032,2012
NASA Langley Research Center,Application,LAR-18021-1,,07/31/2032,2012
NASA Langley Research Center,Application,LAR-18023-1,,03/12/2032,2012
NASA Langley Research Center,Application,LAR-18077-1,,09/28/2032,2012
NASA Langley Research Center,Application,LAR-18132-1,,11/09/2032,2012
NASA Langley Research Center,Application,LAR-18143-1,,11/15/2032,2012
NASA Langley Research Center,Application,LAR-18166-1,,03/12/2032,2012
NASA Langley Research Center,Application,LAR-18202-1,,12/13/2032,2012
NASA Glenn Research Center,Issued,LEW-17820-2,8264134,09/11/2032,2012
NASA Glenn Research Center,Issued,LEW-18340-2,8668613,01/10/2032,2012
NASA Glenn Research Center,Issued,LEW-18356-2,8573835,06/08/2032,2012
NASA Glenn Research Center,Application,LEW-18565-1,0,10/05/2032,2012
NASA Glenn Research Center,Application,LEW-18732-1,,08/16/2032,2012
NASA Glenn Research Center,Application,LEW-18768-1,,03/23/2032,2012
NASA Glenn Research Center,Application,LEW-18789-1,,02/27/2032,2012
NASA Glenn Research Center,Application,LEW-18809-1,,08/03/2032,2012
NASA Glenn Research Center,Application,LEW-18816-1,,06/01/2032,2012
NASA Glenn Research Center,Application,LEW-18821-1,,07/30/2032,2012
NASA Glenn Research Center,Application,LEW-18864-1,,02/03/2032,2012
NASA Glenn Research Center,Application,LEW-18889-1,,12/13/2032,2012
NASA Glenn Research Center,Application,LEW-18919-1,,04/04/2032,2012
NASA Glenn Research Center,Application,LEW-18960-1,,05/11/2032,2012
NASA Marshall Space Flight Center,Issued,MFS-32341-1,8550468,01/09/2032,2012
NASA Marshall Space Flight Center,Issued,MFS-32715-1,8535440,07/18/2032,2012
NASA Marshall Space Flight Center,Issued,MFS-32719-1,8564770,05/18/2032,2012
NASA Marshall Space Flight Center,Issued,MFS-32857-1,8668168,01/21/2032,2012
NASA Marshall Space Flight Center,Issued,MFS-32865-2,8555731,06/04/2032,2012
NASA Marshall Space Flight Center,Application,MFS-32865-4,,08/23/2032,2012
NASA Marshall Space Flight Center,Issued,MFS-32871-1,8577519,06/13/2032,2012
NASA Marshall Space Flight Center,Application,MFS-32873-1,,11/29/2032,2012
NASA Marshall Space Flight Center,Application,MFS-32924-1,,07/09/2032,2012
NASA Marshall Space Flight Center,Issued,MFS-32940-1,8657179,03/26/2032,2012
NASA Johnson Space Center,Issued,MSC-23988-2,8580546,11/29/2032,2012
NASA Johnson Space Center,Issued,MSC-24509-1,8570047,02/02/2032,2012
NASA Johnson Space Center,Application,MSC-24813-1,0,08/06/2032,2012
NASA Johnson Space Center,Application,MSC-24919-1,0,07/13/2032,2012
NASA Johnson Space Center,Application,MSC-25265-1,0,10/30/2032,2012
NASA Jet Propulsion Laboratory,Issued,NPO-47310-1,8502987,03/24/2032,2012
NASA Jet Propulsion Laboratory,Issued,NPO-47604-1,8649000,07/10/2032,2012
NASA Jet Propulsion Laboratory,Issued,NPO-47869-1,8649609,04/17/2032,2012
NASA Stennis Space Center,Issued,SSC-00247,8618933,05/03/2032,2012
NASA Goddard Space Flight Center,Issued,GSC-15206-2,8140452,09/13/2031,2011
NASA Goddard Space Flight Center,Issued,GSC-15206-3,8140453,09/13/2031,2011
NASA Goddard Space Flight Center,Issued,GSC-15206-4,8275725,09/13/2031,2011
NASA Goddard Space Flight Center,Issued,GSC-15206-5,8165976,09/13/2031,2011
NASA Goddard Space Flight Center,Issued,GSC-15206-6,8165977,09/13/2031,2011
NASA Goddard Space Flight Center,Issued,GSC-15964-1,8525110,09/28/2031,2011
NASA Goddard Space Flight Center,Issued,GSC-16024-1,8526733,06/01/2031,2011
NASA Langley Research Center,Issued,LAR-17237-1,8294989,04/25/2031,2011
NASA Langley Research Center,Issued,LAR-17245-1,8344281,04/26/2031,2011
NASA Langley Research Center,Issued,LAR-17335-1,8170234,03/02/2031,2011
NASA Langley Research Center,Issued,LAR-17384-1,8662412,10/27/2031,2011
NASA Langley Research Center,Issued,LAR-17390-1,8235309,04/02/2031,2011
NASA Langley Research Center,Issued,LAR-17405-1,8226767,05/11/2031,2011
NASA Langley Research Center,Application,LAR-17455-3,,10/28/2031,2011
NASA Langley Research Center,Issued,LAR-17493-1,8424200,05/16/2031,2011
NASA Langley Research Center,Issued,LAR-17514-1,8196858,02/15/2031,2011
NASA Langley Research Center,Issued,LAR-17553-1,8257491,07/06/2031,2011
NASA Langley Research Center,Issued,LAR-17579-1,8673649,01/04/2031,2011
NASA Langley Research Center,Issued,LAR-17651-1,8259104,03/09/2031,2011
NASA Langley Research Center,Issued,LAR-17681-1,8347479,04/30/2031,2011
NASA Langley Research Center,Application,LAR-17689-1,0,08/20/2031,2011
NASA Langley Research Center,Application,LAR-17696-1,0,03/16/2031,2011
NASA Langley Research Center,Issued,LAR-17705-1,8672107,11/28/2031,2011
NASA Langley Research Center,Issued,LAR-17724-1,8378659,01/22/2031,2011
NASA Langley Research Center,Issued,LAR-17735-1,8490463,10/22/2031,2011
NASA Langley Research Center,Issued,LAR-17743-1,8473663,10/07/2031,2011
NASA Langley Research Center,Application,LAR-17747-1-CON,,02/17/2031,2011
NASA Langley Research Center,Issued,LAR-17766-1,8452073,10/02/2031,2011
NASA Langley Research Center,Issued,LAR-17799-1,8655513,05/25/2031,2011
NASA Langley Research Center,Application,LAR-17813-1-CON,,08/05/2031,2011
NASA Langley Research Center,Issued,LAR-17831-1,8651429,08/22/2031,2011
NASA Langley Research Center,Issued,LAR-17836-1,8671763,02/18/2031,2011
NASA Langley Research Center,Issued,LAR-17888-1,8605262,12/28/2031,2011
NASA Langley Research Center,Issued,LAR-17894-1,8494687,12/11/2031,2011
NASA Langley Research Center,Issued,LAR-17919-1,8661653,07/27/2031,2011
NASA Langley Research Center,Application,LAR-17919-2,,07/27/2031,2011
NASA Langley Research Center,Application,LAR-17984-1,,12/15/2031,2011
NASA Langley Research Center,Issued,LAR-18016-1,8636407,11/23/2031,2011
NASA Langley Research Center,Application,LAR-18374-1,,06/23/2031,2011
NASA Glenn Research Center,Issued,LEW-18313-2,8410469,03/17/2031,2011
NASA Glenn Research Center,Issued,LEW-18373-1,8353209,02/04/2031,2011
NASA Glenn Research Center,Issued,LEW-18593-1,8653693,01/27/2031,2011
NASA Glenn Research Center,Issued,LEW-18636-1,8416007,05/02/2031,2011
NASA Glenn Research Center,Issued,LEW-18717-1,8476979,07/07/2031,2011
NASA Glenn Research Center,Application,LEW-18752-1,,11/28/2031,2011
NASA Glenn Research Center,Application,LEW-18797-1,,12/16/2031,2011
NASA Glenn Research Center,Application,LEW-18891-1 with LEW-18611-1 and LEW-18895-1,,12/23/2031,2011
NASA Marshall Space Flight Center,Issued,MFS-32228-1,8290435,08/17/2031,2011
NASA Marshall Space Flight Center,Issued,MFS-32558-1,8490470,12/04/2031,2011
NASA Marshall Space Flight Center,Issued,MFS-32614-1,464750,04/03/2031,2011
NASA Marshall Space Flight Center,Issued,MFS-32638-1,8291776,03/12/2031,2011
NASA Marshall Space Flight Center,Application,MFS-32642-1,0,04/05/2031,2011
NASA Marshall Space Flight Center,Issued,MFS-32667-1,8357884,04/22/2031,2011
NASA Marshall Space Flight Center,Issued,MFS-32737-1,8448498,06/06/2031,2011
NASA Marshall Space Flight Center,Issued,MFS-32777-1,8425751,05/31/2031,2011
NASA Marshall Space Flight Center,Issued,MFS-32797-1,8330961,08/24/2031,2011
NASA Marshall Space Flight Center,Issued,MFS-32817-1,8290006,10/25/2031,2011
NASA Marshall Space Flight Center,Issued,MFS-32826-1,8316884,03/23/2031,2011
NASA Marshall Space Flight Center,Issued,MFS-32830-1,8420582,02/15/2031,2011
NASA Marshall Space Flight Center,Issued,MFS-32840-1,8322685,04/02/2031,2011
NASA Marshall Space Flight Center,Issued,MFS-32859-1,8393520,11/07/2031,2011
NASA Marshall Space Flight Center,Issued,MFS-32859-1-DIV,8393523,09/22/2031,2011
NASA Johnson Space Center,Issued,MSC-23988-1,8343740,10/31/2031,2011
NASA Johnson Space Center,Issued,MSC-24238-1,8388613,11/17/2031,2011
NASA Johnson Space Center,Issued,MSC-24346-1,8466776,09/05/2031,2011
NASA Johnson Space Center,Issued,MSC-24444-1,8577120,04/22/2031,2011
NASA Johnson Space Center,Issued,MSC-24525-1,8384614,10/11/2031,2011
NASA Johnson Space Center,Application,MSC-25091-1,0,08/31/2031,2011
NASA Jet Propulsion Laboratory,Issued,NPO-41446-1,8358723,09/12/2031,2011
NASA Jet Propulsion Laboratory,Issued,NPO-41506-2,8492160,04/09/2031,2011
NASA Jet Propulsion Laboratory,Issued,NPO-44914-1,8407979,06/08/2031,2011
NASA Jet Propulsion Laboratory,Application,NPO-47300-2,0,01/31/2031,2011
NASA Stennis Space Center,Issued,SSC-00264,8336849,01/13/2031,2011
NASA Armstrong Flight Research Center,Issued,DRC-008-001,8145366,04/28/2030,2010
NASA Goddard Space Flight Center,Issued,GSC-14873-1,8357211,08/31/2030,2010
NASA Goddard Space Flight Center,Issued,GSC-15341-3,8455926,09/23/2030,2010
NASA Goddard Space Flight Center,Issued,GSC-15520-1,8547531,09/01/2030,2010
NASA Goddard Space Flight Center,Issued,GSC-15692-1,8330644,07/19/2030,2010
NASA Goddard Space Flight Center,Issued,GSC-15729-1,8674302,05/28/2030,2010
NASA Goddard Space Flight Center,Issued,GSC-15729-2,8393786,05/28/2030,2010
NASA Goddard Space Flight Center,Issued,GSC-15730-1,8355579,05/19/2030,2010
NASA Goddard Space Flight Center,Issued,GSC-15732-1,8093565,01/28/2030,2010
NASA Goddard Space Flight Center,Issued,GSC-15792-1,8406469,07/19/2030,2010
NASA Goddard Space Flight Center,Issued,GSC-15826-1,8134130,07/19/2030,2010
NASA Goddard Space Flight Center,Issued,GSC-15856-1,8196853,05/13/2030,2010
NASA Goddard Space Flight Center,Issued,GSC-15947-1,8274726,07/19/2030,2010
NASA Goddard Space Flight Center,Issued,GSC-15953-1,8484509,08/11/2030,2010
NASA Goddard Space Flight Center,Issued,GSC-15977-1,8354952,07/19/2030,2010
NASA Langley Research Center,Issued,LAR-16083-1,8062129,05/22/2030,2010
NASA Langley Research Center,Issued,LAR-17548-1,8236413,07/07/2030,2010
NASA Langley Research Center,Issued,LAR-17135-1,8217143,11/17/2030,2010
NASA Langley Research Center,Issued,LAR-17213-1,8020805,03/25/2030,2010
NASA Langley Research Center,Issued,LAR-17240-1,8111943,09/14/2030,2010
NASA Langley Research Center,Issued,LAR-17242-1,8174695,09/03/2030,2010
NASA Langley Research Center,Issued,LAR-17286-1,8081734,02/26/2030,2010
NASA Langley Research Center,Issued,LAR-17293-1,7991491,03/04/2030,2010
NASA Langley Research Center,Issued,LAR-17317-1,8401217,11/29/2030,2010
NASA Langley Research Center,Issued,LAR-17321-1,8545986,06/27/2030,2010
NASA Langley Research Center,Issued,LAR-17325-1,8060350,03/04/2030,2010
NASA Langley Research Center,Issued,LAR-17327-1,8117013,07/05/2030,2010
NASA Langley Research Center,Issued,LAR-17432-1,8112243,11/27/2030,2010
NASA Langley Research Center,Issued,LAR-17447-1,8002219,01/16/2030,2010
NASA Langley Research Center,Issued,LAR-17469-1,8094306,08/27/2030,2010
NASA Langley Research Center,Issued,LAR-17502-1,8529249,03/14/2030,2010
NASA Langley Research Center,Issued,LAR-17535-1,8206674,04/13/2030,2010
NASA Langley Research Center,Issued,LAR-17539-1,8164328,01/08/2030,2010
NASA Langley Research Center,Issued,LAR-17593-1,8167204,10/30/2030,2010
NASA Langley Research Center,Issued,LAR-17609-1,8255732,12/30/2030,2010
NASA Langley Research Center,Issued,LAR-17655-1,8111832,06/25/2030,2010
NASA Langley Research Center,Issued,LAR-17656-1,8108178,05/05/2030,2010
NASA Langley Research Center,Application,LAR-17681-2,,08/04/2030,2010
NASA Langley Research Center,Issued,LAR-17681-3,8679642,08/04/2030,2010
NASA Langley Research Center,Issued,LAR-17711-1,8179203,07/09/2030,2010
NASA Langley Research Center,Issued,LAR-17748-1,8303922,11/19/2030,2010
NASA Langley Research Center,Issued,LAR-17856-1,8198976,09/20/2030,2010
NASA Langley Research Center,Issued,LAR-17959-1,8087494,09/30/2030,2010
NASA Langley Research Center,Issued,LAR-18032-1,8229716,12/29/2030,2010
NASA Glenn Research Center,Issued,LEW-18248-2,7990327,09/02/2030,2010
NASA Glenn Research Center,Issued,LEW-18362-2,8159669,12/20/2030,2010
NASA Glenn Research Center,Issued,LEW-18426-1,8484980,09/30/2030,2010
NASA Glenn Research Center,Issued,LEW-18458-1,8386121,06/02/2030,2010
NASA Glenn Research Center,Issued,LEW-18474-1,8609750,06/02/2030,2010
NASA Glenn Research Center,Issued,LEW-18483-1,8310671,09/29/2030,2010
NASA Glenn Research Center,Issued,LEW-18496-1,8283172,02/24/2030,2010
NASA Glenn Research Center,Issued,LEW-18538-1,8373175,06/01/2030,2010
NASA Glenn Research Center,Issued,LEW-18594-1,8409372,09/02/2030,2010
NASA Glenn Research Center,Issued,LEW-18601-1,8577504,11/24/2030,2010
NASA Glenn Research Center,Issued,LEW-18605-1,8468794,09/30/2030,2010
NASA Marshall Space Flight Center,Issued,MFS-32307-1,7908079,01/13/2030,2010
NASA Marshall Space Flight Center,Issued,MFS-32318-1,8098060,09/29/2030,2010
NASA Marshall Space Flight Center,Issued,MFS-32323-1,8169620,10/15/2030,2010
NASA Marshall Space Flight Center,Issued,MFS-32400-1,7900436,01/04/2030,2010
NASA Marshall Space Flight Center,Issued,MFS-32588-1,8052860,09/06/2030,2010
NASA Marshall Space Flight Center,Issued,MFS-32605-1,8309944,12/07/2030,2010
NASA Marshall Space Flight Center,Issued,MFS-32615-1,8132772,11/27/2030,2010
NASA Marshall Space Flight Center,Issued,MFS-32651-1,8090484,07/03/2030,2010
NASA Marshall Space Flight Center,Issued,MFS-32697-1,8252734,08/26/2030,2010
NASA Marshall Space Flight Center,Application,MFS-32737-1-CIP,,08/27/2030,2010
NASA Marshall Space Flight Center,Issued,MFS-32748-1,8132961,08/16/2030,2010
NASA Johnson Space Center,Issued,MSC-24115-1,8022307,06/19/2030,2010
NASA Johnson Space Center,Issued,MSC-24149-1,8122646,02/04/2030,2010
NASA Johnson Space Center,Issued,MSC-24164-1,8338114,05/04/2030,2010
NASA Johnson Space Center,Issued,MSC-24184-1,8116350,07/22/2030,2010
NASA Johnson Space Center,Issued,MSC-24215-1,8070105,10/04/2030,2010
NASA Johnson Space Center,Issued,MSC-24216-1,8047473,01/10/2030,2010
NASA Johnson Space Center,Issued,MSC-24466-1,8183870,07/01/2030,2010
NASA Johnson Space Center,Application,MSC-24506-1,0,01/08/2030,2010
NASA Johnson Space Center,Issued,MSC-24508-1,8343403,12/31/2030,2010
NASA Johnson Space Center,Issued,MSC-25053-1,2,04/06/2030,2010
NASA Jet Propulsion Laboratory,Issued,NPO-42672-1,7996112,06/08/2030,2010
NASA Jet Propulsion Laboratory,Issued,NPO-44079-1,8022860,04/30/2030,2010
NASA Jet Propulsion Laboratory,Issued,NPO-45053-1,8057283,09/15/2030,2010
NASA Jet Propulsion Laboratory,Issued,NPO-45911-1,8163094,08/16/2030,2010
NASA Jet Propulsion Laboratory,Issued,NPO-46843-1,8169371,09/25/2030,2010
NASA Jet Propulsion Laboratory,Issued,NPO-46938-1,8026768,04/03/2030,2010
NASA Stennis Space Center,Issued,SSC-00327,8401820,07/31/2030,2010
NASA Ames Research Center,Issued,ARC-15566-1,7801687,05/26/2029,2009
NASA Ames Research Center,Issued,ARC-15566-2,8000903,09/15/2029,2009
NASA Ames Research Center,Issued,ARC-15714-1,7869029,11/11/2029,2009
NASA Ames Research Center,Issued,ARC-15983-1,7923709,09/30/2029,2009
NASA Ames Research Center,Issued,ARC-16013-1,7968054,10/03/2029,2009
NASA Ames Research Center,Issued,ARC-16133-1,8069001,10/09/2029,2009
NASA Ames Research Center,Issued,ARC-16331-1,8408707,05/29/2029,2009
NASA Ames Research Center,Issued,ARC-16334-1,8244477,06/04/2029,2009
NASA Ames Research Center,Application,ARC-16450-1CIP,0,05/05/2029,2009
NASA Goddard Space Flight Center,Issued,GSC-14968-2,7925600,10/21/2029,2009
NASA Goddard Space Flight Center,Issued,GSC-15001-1,7924415,02/19/2029,2009
NASA Goddard Space Flight Center,Issued,GSC-15421-1,7968812,01/13/2029,2009
NASA Goddard Space Flight Center,Issued,GSC-15458-1,8094731,01/21/2029,2009
NASA Goddard Space Flight Center,Issued,GSC-15527-1,8160728,09/14/2029,2009
NASA Goddard Space Flight Center,Issued,GSC-15538-1,8198956,08/05/2029,2009
NASA Goddard Space Flight Center,Issued,GSC-15550-1,8275724,09/29/2029,2009
NASA Goddard Space Flight Center,Issued,GSC-15552-1,7924126,09/08/2029,2009
NASA Goddard Space Flight Center,Issued,GSC-15557-1,8095485,01/14/2029,2009
NASA Goddard Space Flight Center,Issued,GSC-15583-1,7970025,07/02/2029,2009
NASA Goddard Space Flight Center,Issued,GSC-15584-1,8144331,06/18/2029,2009
NASA Goddard Space Flight Center,Issued,GSC-15655-1,8138961,09/17/2029,2009
NASA Goddard Space Flight Center,Issued,GSC-15662-1,8092031,09/29/2029,2009
NASA Goddard Space Flight Center,Issued,GSC-15678-1,8484274,08/27/2029,2009
NASA Goddard Space Flight Center,Issued,GSC-15684-1,8285401,08/28/2029,2009
NASA Goddard Space Flight Center,Issued,GSC-15685-1,8331733,08/28/2029,2009
NASA Goddard Space Flight Center,Issued,GSC-15699-1,8480296,09/16/2029,2009
NASA Goddard Space Flight Center,Issued,GSC-15724-1,8275015,08/31/2029,2009
NASA Goddard Space Flight Center,Issued,GSC-15758-1,8044332,09/03/2029,2009
NASA Goddard Space Flight Center,Issued,GSC-15771-1,8035081,09/30/2029,2009
NASA Goddard Space Flight Center,Application,GSC-15953-2,0,09/30/2029,2009
NASA Langley Research Center,Issued,LAR-16256-1,8628333,08/27/2029,2009
NASA Langley Research Center,Issued,LAR-16383-2,7972536,10/12/2029,2009
NASA Langley Research Center,Issued,LAR-16571-3,7759932,07/31/2029,2009
NASA Langley Research Center,Issued,LAR-16640-1,8089677,08/05/2029,2009
NASA Langley Research Center,Issued,LAR-16885-1,7890311,12/15/2029,2009
NASA Langley Research Center,Issued,LAR-16907-1,7783060,03/27/2029,2009
NASA Langley Research Center,Issued,LAR-17154-2,7781366,02/12/2029,2009
NASA Langley Research Center,Issued,LAR-17224-1,7998368,06/04/2029,2009
NASA Langley Research Center,Issued,LAR-17241-1,8018815,12/05/2029,2009
NASA Langley Research Center,Issued,LAR-17332-1,7958733,11/04/2029,2009
NASA Langley Research Center,Issued,LAR-17355-1,8164485,06/24/2029,2009
NASA Langley Research Center,Issued,LAR-17365-1,7784732,04/26/2029,2009
NASA Langley Research Center,Issued,LAR-17381-1,8044294,10/11/2029,2009
NASA Langley Research Center,Issued,LAR-17382-1,8052069,10/18/2029,2009
NASA Langley Research Center,Issued,LAR-17402-1,7964698,09/27/2029,2009
NASA Langley Research Center,Issued,LAR-17425-1,8059273,08/19/2029,2009
NASA Langley Research Center,Issued,LAR-17433-1,7902815,06/19/2029,2009
NASA Langley Research Center,Issued,LAR-17440-1,7845215,02/03/2029,2009
NASA Langley Research Center,Issued,LAR-17444-1,8042739,11/08/2029,2009
NASA Langley Research Center,Issued,LAR-17477-1,7993567,10/02/2029,2009
NASA Langley Research Center,Issued,LAR-17478-1,7883052,09/24/2029,2009
NASA Langley Research Center,Issued,LAR-17487-1,8157207,04/15/2029,2009
NASA Langley Research Center,Issued,LAR-17526-1,7991595,06/07/2029,2009
NASA Langley Research Center,Issued,LAR-17547-1,7848381,07/05/2029,2009
NASA Langley Research Center,Issued,LAR-17608-1,7901611,01/12/2029,2009
NASA Langley Research Center,Issued,LAR-17629-1,7813599,02/23/2029,2009
NASA Langley Research Center,Issued,LAR-17634-1,7893602,03/14/2029,2009
NASA Langley Research Center,Application,LAR-17668-1,0,02/04/2029,2009
NASA Langley Research Center,Issued,LAR-17709-1,7912101,12/01/2029,2009
NASA Langley Research Center,Issued,LAR-17736-1,8147920,02/13/2029,2009
NASA Langley Research Center,Issued,LAR-17759-1,7935414,03/18/2029,2009
NASA Glenn Research Center,Issued,LEW-18325-1,8415839,01/09/2029,2009
NASA Glenn Research Center,Application,LEW-18325-2,,01/09/2029,2009
NASA Glenn Research Center,Issued,LEW-18338-1,8506787,07/31/2029,2009
NASA Glenn Research Center,Issued,LEW-18340-1,8091445,04/28/2029,2009
NASA Glenn Research Center,Issued,LEW-18356-1,8220989,09/30/2029,2009
NASA Glenn Research Center,Issued,LEW-18432-1,7935601,09/04/2029,2009
NASA Glenn Research Center,Issued,LEW-18461-1,8159238,09/30/2029,2009
NASA Glenn Research Center,Issued,LEW-18476-1,8182741,08/20/2029,2009
NASA Marshall Space Flight Center,Issued,MFS-31813-1,7802799,07/29/2029,2009
NASA Marshall Space Flight Center,Issued,MFS-32099-1-CON,8561829,10/23/2029,2009
NASA Marshall Space Flight Center,Issued,MFS-32364-1,7808353,07/22/2029,2009
NASA Marshall Space Flight Center,Issued,MFS-32390-1,7867589,10/14/2029,2009
NASA Marshall Space Flight Center,Issued,MFS-32402-1,7911174,01/25/2029,2009
NASA Marshall Space Flight Center,Issued,MFS-32439-1,7831225,04/07/2029,2009
NASA Marshall Space Flight Center,Issued,MFS-32497-1,7848606,05/26/2029,2009
NASA Marshall Space Flight Center,Issued,MFS-32521-1,7804600,06/10/2029,2009
NASA Marshall Space Flight Center,Issued,MFS-32584-1,7929144,11/17/2029,2009
NASA Marshall Space Flight Center,Application,MFS-32612-1-CIP,,03/24/2029,2009
NASA Marshall Space Flight Center,Issued,MFS-32697-1-CIP,8563487,12/09/2029,2009
NASA Marshall Space Flight Center,Issued,MFS-32733-1,7621670,02/25/2029,2009
NASA Marshall Space Flight Center,Application,MFS-32761-1-CIP,,07/23/2029,2009
NASA Marshall Space Flight Center,Application,MFS-32761-1-CON,,07/23/2029,2009
NASA Johnson Space Center,Issued,MSC-22859-5,7972821,02/11/2029,2009
NASA Johnson Space Center,Issued,MSC-22939-4,7968117,07/09/2029,2009
NASA Johnson Space Center,Issued,MSC-24149-2,8266866,03/12/2029,2009
NASA Johnson Space Center,Issued,MSC-24169-1,7862946,11/05/2029,2009
NASA Johnson Space Center,Issued,MSC-24180-1,7935259,09/14/2029,2009
NASA Johnson Space Center,Issued,MSC-24263-1,7805276,02/12/2029,2009
NASA Johnson Space Center,Issued,MSC-24273-1,7840387,07/31/2029,2009
NASA Johnson Space Center,Issued,MSC-24441-1,7905946,07/02/2029,2009
NASA Johnson Space Center,Issued,MSC-24464-1,7859292,07/14/2029,2009
NASA Johnson Space Center,Issued,MSC-24741-1,8255079,09/23/2029,2009
NASA Johnson Space Center,Issued,MSC-25084-1,8067909,05/29/2029,2009
NASA Jet Propulsion Laboratory,Issued,NPO-43213-1,7850861,10/13/2029,2009
NASA Jet Propulsion Laboratory,Issued,NPO-43348-1,7809521,01/31/2029,2009
NASA Jet Propulsion Laboratory,Issued,NPO-43524-1,7773362,01/03/2029,2009
NASA Jet Propulsion Laboratory,Issued,NPO-45948-1,7843650,06/24/2029,2009
NASA Ames Research Center,Issued,ARC-14569-1,7783130,03/26/2028,2008
NASA Armstrong Flight Research Center,Issued,DRC-008-014,8047472,03/11/2028,2008
NASA Ames Research Center,Issued,ARC-15487-1,7796026,06/04/2028,2008
NASA Ames Research Center,Issued,ARC-15566-3,7875455,12/17/2028,2008
NASA Ames Research Center,Issued,ARC-15578-2,7873181,05/19/2028,2008
NASA Ames Research Center,Issued,ARC-15967-1,7635420,06/06/2028,2008
NASA Ames Research Center,Issued,ARC-16018-1,7662459,07/17/2028,2008
NASA Armstrong Flight Research Center,Issued,DRC-008-023,7715994,08/14/2028,2008
NASA Goddard Space Flight Center,Issued,GSC-15027-2,7609978,03/27/2028,2008
NASA Goddard Space Flight Center,Issued,GSC-15027-3,7616903,03/27/2028,2008
NASA Goddard Space Flight Center,Issued,GSC-15077-1,8068556,06/26/2028,2008
NASA Goddard Space Flight Center,Issued,GSC-15136-1,8093094,06/12/2028,2008
NASA Goddard Space Flight Center,Issued,GSC-15217-1,8139674,07/15/2028,2008
NASA Goddard Space Flight Center,Issued,GSC-15328-1,8499779,01/16/2028,2008
NASA Goddard Space Flight Center,Issued,GSC-15349-1,7830527,04/14/2028,2008
NASA Goddard Space Flight Center,Issued,GSC-15364-1,8155939,07/10/2028,2008
NASA Goddard Space Flight Center,Issued,GSC-15377-1,7811406,10/10/2028,2008
NASA Goddard Space Flight Center,Issued,GSC-15416-1,7999427,08/07/2028,2008
NASA Goddard Space Flight Center,Issued,GSC-15417-1,7735385,08/07/2028,2008
NASA Goddard Space Flight Center,Issued,GSC-15419-1,8030873,08/07/2028,2008
NASA Goddard Space Flight Center,Issued,GSC-15431-1,7921731,12/03/2028,2008
NASA Goddard Space Flight Center,Issued,GSC-15445-1,7982861,07/31/2028,2008
NASA Goddard Space Flight Center,Issued,GSC-15483-1,7817087,05/07/2028,2008
NASA Langley Research Center,Issued,LAR-16409-1,8015819,09/17/2028,2008
NASA Langley Research Center,Issued,LAR-16538-1,7675619,11/11/2028,2008
NASA Langley Research Center,Issued,LAR-16845-1,8083986,12/04/2028,2008
NASA Langley Research Center,Issued,LAR-16867-2,7527751,04/25/2028,2008
NASA Langley Research Center,Issued,LAR-16906-1,8529825,02/01/2028,2008
NASA Langley Research Center,Issued,LAR-17044-1,7558371,10/20/2028,2008
NASA Langley Research Center,Issued,LAR-17165-1,7595112,02/01/2028,2008
NASA Langley Research Center,Issued,LAR-17267-1,7704553,06/26/2028,2008
NASA Langley Research Center,Issued,LAR-17290-1,7737867,06/11/2028,2008
NASA Langley Research Center,Issued,LAR-17294-1,8430327,08/22/2028,2008
NASA Langley Research Center,Issued,LAR-17295-1,7683797,02/15/2028,2008
NASA Langley Research Center,Issued,LAR-17385-1,7671306,03/10/2028,2008
NASA Langley Research Center,Issued,LAR-17387-1,7663077,01/23/2028,2008
NASA Langley Research Center,Issued,LAR-17391-1,7792015,08/14/2028,2008
NASA Langley Research Center,Issued,LAR-17480-1,7711509,03/18/2028,2008
NASA Langley Research Center,Issued,LAR-17485-1,7851062,09/09/2028,2008
NASA Langley Research Center,Issued,LAR-17485-2,8017190,05/21/2028,2008
NASA Langley Research Center,Issued,LAR-17488-1,7814786,08/26/2028,2008
NASA Langley Research Center,Issued,LAR-17528-1,7878348,10/09/2028,2008
NASA Langley Research Center,Issued,LAR-17554-1,7769135,10/20/2028,2008
NASA Langley Research Center,Issued,LAR-17573-1,7855368,10/09/2028,2008
NASA Langley Research Center,Issued,LAR-17576-1,7742663,10/30/2028,2008
NASA Glenn Research Center,Issued,LEW-17859-2,8001828,06/20/2028,2008
NASA Glenn Research Center,Issued,LEW-18049-1,7909897,11/28/2028,2008
NASA Glenn Research Center,Issued,LEW-18253-1,8191426,06/05/2028,2008
NASA Glenn Research Center,Issued,LEW-18254-1,7876423,06/27/2028,2008
NASA Glenn Research Center,Issued,LEW-18255-1,7630736,05/09/2028,2008
NASA Glenn Research Center,Issued,LEW-18256-1,7688117,04/21/2028,2008
NASA Glenn Research Center,Issued,LEW-18261-1,7933027,12/02/2028,2008
NASA Glenn Research Center,Issued,LEW-18313-1,7923715,12/06/2028,2008
NASA Glenn Research Center,Issued,LEW-18362-1,7872750,09/30/2028,2008
NASA Glenn Research Center,Issued,LEW-18491-1,8209976,11/25/2028,2008
NASA Marshall Space Flight Center,Issued,MFS-32311-1,7623621,03/13/2028,2008
NASA Marshall Space Flight Center,Issued,MFS-32324-1,7594530,06/09/2028,2008
NASA Marshall Space Flight Center,Issued,MFS-32429-1,7807097,07/11/2028,2008
NASA Marshall Space Flight Center,Issued,MFS-32438-1,8004364,11/03/2028,2008
NASA Marshall Space Flight Center,Application,MFS-32518-1-CIP,,10/03/2028,2008
NASA Marshall Space Flight Center,Application,MFS-32605-1-CIP,0,09/29/2028,2008
NASA Marshall Space Flight Center,Issued,MFS-32605-1-DIV,8575577,09/29/2028,2008
NASA Johnson Space Center,Issued,MSC-23563-2,8039099,08/13/2028,2008
NASA Johnson Space Center,Issued,MSC-23933-1,7543779,02/22/2028,2008
NASA Johnson Space Center,Issued,MSC-24106-1,7577482,04/21/2028,2008
NASA Johnson Space Center,Issued,MSC-24207-1,7604782,04/12/2028,2008
NASA Johnson Space Center,Issued,MSC-24387-1,8011229,11/26/2028,2008
NASA Johnson Space Center,Application,MSC-24685-1,8056423,11/12/2028,2008
NASA Johnson Space Center,Application,MSC-24686-1,8060250,12/15/2028,2008
NASA Johnson Space Center,Issued,MSC-24689-1,7784363,09/30/2028,2008
NASA Jet Propulsion Laboratory,Issued,NPO-43361-1,7773121,10/15/2028,2008
NASA Jet Propulsion Laboratory,Issued,NPO-44765-1,7740088,04/15/2028,2008
NASA Ames Research Center,Issued,ARC-14950-1,7596416,07/22/2027,2007
NASA Ames Research Center,Issued,ARC-15171-1,7650232,05/25/2027,2007
NASA Ames Research Center,Issued,ARC-15314-1,7718223,02/12/2027,2007
NASA Ames Research Center,Issued,ARC-15370-1,7698274,03/18/2027,2007
NASA Ames Research Center,Issued,ARC-15437-1,7438422,05/14/2027,2007
NASA Ames Research Center,Issued,ARC-15782-1,7549338,09/28/2027,2007
NASA Ames Research Center,Issued,ARC-15870-1,7655497,08/16/2027,2007
NASA Ames Research Center,Issued,ARC-15890-1,7655145,11/05/2027,2007
NASA Ames Research Center,Issued,ARC-15903-1DIV,8409491,09/28/2027,2007
NASA Ames Research Center,Application,ARC-15981-4,,07/19/2027,2007
NASA Goddard Space Flight Center,Issued,GSC-14683-1,8480826,04/18/2027,2007
NASA Goddard Space Flight Center,Issued,GSC-14952-1,7513546,03/21/2027,2007
NASA Goddard Space Flight Center,Issued,GSC-15039-1,7762523,09/25/2027,2007
NASA Goddard Space Flight Center,Issued,GSC-15055-1,7746190,05/15/2027,2007
NASA Goddard Space Flight Center,Issued,GSC-15162-1,7796726,02/14/2027,2007
NASA Goddard Space Flight Center,Issued,GSC-15184-1,7978312,11/01/2027,2007
NASA Goddard Space Flight Center,Issued,GSC-15206-1,8041655,08/09/2027,2007
NASA Goddard Space Flight Center,Issued,GSC-15301-1,7673089,11/06/2027,2007
NASA Goddard Space Flight Center,Issued,GSC-15302-1,7673089,11/06/2027,2007
NASA Goddard Space Flight Center,Issued,GSC-15341-1,7922920,09/27/2027,2007
NASA Goddard Space Flight Center,Issued,GSC-15353-1,7830224,10/23/2027,2007
NASA Goddard Space Flight Center,Issued,GSC-15357-1,8041661,09/26/2027,2007
NASA Langley Research Center,Issued,LAR-16307-2,7985709,04/16/2027,2007
NASA Langley Research Center,Issued,LAR-16736-1,7962252,04/07/2027,2007
NASA Langley Research Center,Issued,LAR-16872-1,7514726,06/10/2027,2007
NASA Langley Research Center,Issued,LAR-16874-1,7723464,02/13/2027,2007
NASA Langley Research Center,Issued,LAR-16958-1,7510802,08/24/2027,2007
NASA Langley Research Center,Issued,LAR-17017-1,7537182,06/18/2027,2007
NASA Langley Research Center,Issued,LAR-17154-1,7655595,08/11/2027,2007
NASA Langley Research Center,Issued,LAR-17163-1,7467536,08/18/2027,2007
NASA Langley Research Center,Issued,LAR-17168-1,7732998,09/24/2027,2007
NASA Langley Research Center,Issued,LAR-17229-1,7760778,02/01/2027,2007
NASA Langley Research Center,Issued,LAR-17257-1,7590904,10/07/2027,2007
NASA Langley Research Center,Issued,LAR-17300-1,7538860,12/31/2027,2007
NASA Langley Research Center,Application,LAR-17317-2,,07/20/2027,2007
NASA Langley Research Center,Application,LAR-17318-1,0,08/29/2027,2007
NASA Langley Research Center,Application,LAR-17332-2,,07/05/2027,2007
NASA Langley Research Center,Issued,LAR-17346-1,7649439,04/28/2027,2007
NASA Langley Research Center,Application,LAR-17502-1-CON,,09/25/2027,2007
NASA Glenn Research Center,Issued,LEW-17269-2,8212138,04/04/2027,2007
NASA Glenn Research Center,Issued,LEW-17820-1,7755292,01/22/2027,2007
NASA Glenn Research Center,Issued,LEW-17904-2,7381849,07/19/2027,2007
NASA Glenn Research Center,Issued,LEW-17916-1,8052854,05/25/2027,2007
NASA Glenn Research Center,Issued,LEW-17954-1,8016543,04/02/2027,2007
NASA Glenn Research Center,Issued,LEW-18003-1,7583169,03/22/2027,2007
NASA Glenn Research Center,Issued,LEW-18076-1,7999173,03/21/2027,2007
NASA Glenn Research Center,Issued,LEW-18089-1,8077103,07/06/2027,2007
NASA Glenn Research Center,Issued,LEW-18138-1,7904282,03/22/2027,2007
NASA Glenn Research Center,Issued,LEW-18221-1,7763325,09/28/2027,2007
NASA Glenn Research Center,Issued,LEW-18236-1,8093348,08/22/2027,2007
NASA Glenn Research Center,Issued,LEW-18248-1,7791552,10/12/2027,2007
NASA Marshall Space Flight Center,Issued,MFS-31776-1,7735265,07/20/2027,2007
NASA Marshall Space Flight Center,Issued,MFS-31817-1,7515257,06/07/2027,2007
NASA Marshall Space Flight Center,Issued,MFS-32105-1-DIV,7568608,01/29/2027,2007
NASA Marshall Space Flight Center,Issued,MFS-32115-1,7686202,06/18/2027,2007
NASA Marshall Space Flight Center,Issued,MFS-32136-1,7595841,12/03/2027,2007
NASA Marshall Space Flight Center,Issued,MFS-32548-1,7409875,09/27/2027,2007
NASA Marshall Space Flight Center,Issued,MFS-32803-1,8133768,05/31/2027,2007
NASA Johnson Space Center,Issued,MSC-23154-2,7539535,07/13/2027,2007
NASA Johnson Space Center,Issued,MSC-23659-2,7588703,03/14/2027,2007
NASA Johnson Space Center,Issued,MSC-23805-1,7462141,01/10/2027,2007
NASA Johnson Space Center,Issued,MSC-23881-1,7686529,12/18/2027,2007
NASA Johnson Space Center,Issued,MSC-24042-1,7411198,02/01/2027,2007
NASA Johnson Space Center,Issued,MSC-24201-1,7509774,06/13/2027,2007
NASA Johnson Space Center,Issued,MSC-24228-1,7521682,03/07/2027,2007
NASA Jet Propulsion Laboratory,Issued,NPO-42131-1,7824247,11/02/2027,2007
NASA Jet Propulsion Laboratory,Issued,NPO-42466-1,7764384,10/26/2027,2007
NASA Ames Research Center,Issued,ARC-14652-1,7375826,03/25/2026,2006
NASA Ames Research Center,Issued,ARC-14950-2,8224472,10/20/2026,2006
NASA Ames Research Center,Issued,ARC-15073-1,7590606,04/30/2026,2006
NASA Ames Research Center,Issued,ARC-15204-1,7949472,01/14/2026,2006
NASA Ames Research Center,Issued,ARC-15312-1,7672969,08/25/2026,2006
NASA Ames Research Center,Issued,ARC-15315-1,7378963,01/06/2026,2006
NASA Ames Research Center,Issued,ARC-15443-1,7531775,01/31/2026,2006
NASA Ames Research Center,Issued,ARC-15462-1,7574338,07/29/2026,2006
NASA Ames Research Center,Issued,ARC-15506-1,7529633,10/22/2026,2006
NASA Ames Research Center,Issued,ARC-15519-1,7574357,11/09/2026,2006
NASA Ames Research Center,Issued,ARC-15575-1,7473930,10/24/2026,2006
NASA Ames Research Center,Issued,ARC-15606-1,7431242,04/01/2026,2006
NASA Ames Research Center,Issued,ARC-15684-1,7516890,05/25/2026,2006
NASA Ames Research Center,Issued,ARC-15900-1,7490367,09/20/2026,2006
NASA Armstrong Flight Research Center,Issued,DRC-006-001,7431243,02/27/2026,2006
NASA Armstrong Flight Research Center,Issued,DRC-006-005,7711455,08/09/2026,2006
NASA Armstrong Flight Research Center,Issued,DRC-006-024,7520176,12/05/2026,2006
NASA Goddard Space Flight Center,Issued,GSC-14480-2,7762155,05/25/2026,2006
NASA Goddard Space Flight Center,Issued,GSC-14562-1,7504921,09/29/2026,2006
NASA Goddard Space Flight Center,Issued,GSC-14871-1,7935297,03/06/2026,2006
NASA Goddard Space Flight Center,Issued,GSC-14879-1,7635832,08/31/2026,2006
NASA Goddard Space Flight Center,Issued,GSC-14960-1,7992760,02/08/2026,2006
NASA Goddard Space Flight Center,Issued,GSC-14979-1,7601091,06/23/2026,2006
NASA Goddard Space Flight Center,Issued,GSC-15027-1,7412175,06/20/2026,2006
NASA Goddard Space Flight Center,Issued,GSC-15030-1,7907333,07/27/2026,2006
NASA Goddard Space Flight Center,Issued,GSC-15038-1,7765171,06/27/2026,2006
NASA Goddard Space Flight Center,Issued,GSC-15042-1,7622907,09/27/2026,2006
NASA Goddard Space Flight Center,Issued,GSC-15079-1,7886273,09/18/2026,2006
NASA Goddard Space Flight Center,Issued,GSC-15080-1,7979848,09/21/2026,2006
NASA Goddard Space Flight Center,Issued,GSC-15115-1,7465926,09/29/2026,2006
NASA Goddard Space Flight Center,Issued,GSC-15148-1,7668796,09/28/2026,2006
NASA Goddard Space Flight Center,Issued,GSC-15176-1,7899760,09/21/2026,2006
NASA Goddard Space Flight Center,Issued,GSC-15177-1,8082538,09/28/2026,2006
NASA Goddard Space Flight Center,Issued,GSC-15178-1,7992134,09/29/2026,2006
NASA Goddard Space Flight Center,Issued,GSC-15179-1,7904396,09/21/2026,2006
NASA Langley Research Center,Issued,LAR-16605-1,7623993,11/27/2026,2006
NASA Langley Research Center,Issued,LAR-16858-1,7667847,12/15/2026,2006
NASA Langley Research Center,Issued,LAR-16867-1,7402264,02/27/2026,2006
NASA Langley Research Center,Issued,LAR-16886-1,7375808,09/28/2026,2006
NASA Langley Research Center,Issued,LAR-16950-1,7379231,09/07/2026,2006
NASA Langley Research Center,Issued,LAR-17013-1,7647771,11/12/2026,2006
NASA Langley Research Center,Issued,LAR-17032-1,7321185,03/06/2026,2006
NASA Langley Research Center,Issued,LAR-17073-1,7580323,05/27/2026,2006
NASA Langley Research Center,Issued,LAR-17116-1,7506541,10/18/2026,2006
NASA Langley Research Center,Issued,LAR-17126-1,7666939,05/11/2026,2006
NASA Langley Research Center,Issued,LAR-17149-2,8608993,05/20/2026,2006
NASA Langley Research Center,Issued,LAR-17155-1,7255004,03/22/2026,2006
NASA Langley Research Center,Issued,LAR-17169-1,7446459,07/13/2026,2006
NASA Langley Research Center,Issued,LAR-17235-1,7414708,08/01/2026,2006
NASA Langley Research Center,Issued,LAR-17268-1,7647543,09/27/2026,2006
NASA Glenn Research Center,Issued,LEW-17345-2,7813406,04/13/2026,2006
NASA Glenn Research Center,Issued,LEW-17484-5,7268939,02/24/2026,2006
NASA Glenn Research Center,Issued,LEW-17618-1-REIS,2,05/08/2026,2006
NASA Glenn Research Center,Issued,LEW-17642-2,7308164,03/23/2026,2006
NASA Glenn Research Center,Issued,LEW-17642-4,7305154,07/11/2026,2006
NASA Glenn Research Center,Issued,LEW-17786-1,8197249,04/28/2026,2006
NASA Glenn Research Center,Issued,LEW-17814-1,7574137,05/05/2026,2006
NASA Glenn Research Center,Issued,LEW-17825-1,8163243,09/07/2026,2006
NASA Glenn Research Center,Issued,LEW-17826-1,7385692,04/28/2026,2006
NASA Glenn Research Center,Issued,LEW-17859-1,7389675,05/12/2026,2006
NASA Glenn Research Center,Issued,LEW-17877-1,7876276,08/02/2026,2006
NASA Glenn Research Center,Issued,LEW-17904-1,7425650,03/15/2026,2006
NASA Glenn Research Center,Issued,LEW-17975-1,7382944,07/14/2026,2006
NASA Glenn Research Center,Issued,LEW-18042-1,8067478,10/16/2026,2006
NASA Glenn Research Center,Application,LEW-18043-1,7341040,07/14/2026,2006
NASA Glenn Research Center,Issued,LEW-18054-1,7501032,02/28/2026,2006
NASA Glenn Research Center,Issued,LEW-18691-1,7588746,05/10/2026,2006
NASA Marshall Space Flight Center,Issued,MFS-31649-1,7446860,10/19/2026,2006
NASA Marshall Space Flight Center,Issued,MFS-31815-1,7325749,01/29/2026,2006
NASA Marshall Space Flight Center,Issued,MFS-32031-1,7738084,09/29/2026,2006
NASA Marshall Space Flight Center,Issued,MFS-32102-1,7540143,12/12/2026,2006
NASA Marshall Space Flight Center,Issued,MFS-32137-1,7177164,03/10/2026,2006
NASA Marshall Space Flight Center,Issued,MFS-32192-1,7116098,02/16/2026,2006
NASA Marshall Space Flight Center,Issued,MFS-32214-1,7418814,12/19/2026,2006
NASA Marshall Space Flight Center,Issued,MFS-32253-1,7469878,10/17/2026,2006
NASA Johnson Space Center,Issued,MSC-23303-1,7397774,01/16/2026,2006
NASA Johnson Space Center,Issued,MSC-23349-1,7415005,08/08/2026,2006
NASA Johnson Space Center,Issued,MSC-23623-1,7212934,03/06/2026,2006
NASA Johnson Space Center,Issued,MSC-23781-1,7410485,10/16/2026,2006
NASA Johnson Space Center,Issued,MSC-23906-1,7295884,07/20/2026,2006
NASA Johnson Space Center,Issued,MSC-23954-1,7357606,08/14/2026,2006
NASA Jet Propulsion Laboratory,Issued,NPO-41511-1,7385462,03/14/2026,2006
NASA Jet Propulsion Laboratory,Issued,NPO-42312-1,7184624,06/05/2026,2006
NASA Jet Propulsion Laboratory,Issued,NPO-42563-1,7353768,07/10/2026,2006
NASA Ames Research Center,Issued,ARC-14569-2,8139892,01/24/2025,2005
NASA Ames Research Center,Issued,ARC-14661-3,7767270,11/05/2025,2005
NASA Ames Research Center,Issued,ARC-14710-1,7231329,03/11/2025,2005
NASA Ames Research Center,Issued,ARC-15040-1,8200486,09/14/2025,2005
NASA Ames Research Center,Issued,ARC-15058-1,7383238,03/12/2025,2005
NASA Ames Research Center,Issued,ARC-15157-1,7286573,03/11/2025,2005
NASA Ames Research Center,Issued,ARC-15392-1,7313475,04/04/2025,2005
NASA Ames Research Center,Issued,ARC-15460-1,7426848,08/05/2025,2005
NASA Ames Research Center,Issued,ARC-15566-5,7623972,07/08/2025,2005
NASA Armstrong Flight Research Center,Issued,DRC-005-031,7407131,10/31/2025,2005
NASA Goddard Space Flight Center,Issued,GSC-14561-1,7207245,06/30/2025,2005
NASA Goddard Space Flight Center,Issued,GSC-14603-1,7544146,05/02/2025,2005
NASA Goddard Space Flight Center,Issued,GSC-14657-1,7512568,04/08/2025,2005
NASA Goddard Space Flight Center,Issued,GSC-14762-1,7769488,04/08/2025,2005
NASA Goddard Space Flight Center,Issued,GSC-14777-1,7341932,09/30/2025,2005
NASA Goddard Space Flight Center,Issued,GSC-14793-1,7548199,09/20/2025,2005
NASA Goddard Space Flight Center,Issued,GSC-14833-1,7346461,09/30/2025,2005
NASA Goddard Space Flight Center,Issued,GSC-14845-1,7290737,09/29/2025,2005
NASA Goddard Space Flight Center,Issued,GSC-14941-1,7739671,08/12/2025,2005
NASA Goddard Space Flight Center,Issued,GSC-14942-1,7752608,08/12/2025,2005
NASA Goddard Space Flight Center,Issued,GSC-14968-1,7627538,09/29/2025,2005
NASA Goddard Space Flight Center,Issued,GSC-14994-1,7697759,09/30/2025,2005
NASA Goddard Space Flight Center,Issued,GSC-15002-1,7240879,05/06/2025,2005
NASA Goddard Space Flight Center,Issued,GSC-15002-2,7513459,05/06/2025,2005
NASA Goddard Space Flight Center,Issued,GSC-15002-3,7293743,11/13/2025,2005
NASA Goddard Space Flight Center,Issued,GSC-15002-4,7438264,05/06/2025,2005
NASA Goddard Space Flight Center,Issued,GSC-15002-5,7513460,05/06/2025,2005
NASA Langley Research Center,Issued,LAR-16176-2,7109287,03/03/2025,2005
NASA Langley Research Center,Application,LAR-16256-1-CON,0,05/13/2025,2005
NASA Langley Research Center,Issued,LAR-16299-1,7871682,12/07/2025,2005
NASA Langley Research Center,Issued,LAR-16323-1,7253903,06/24/2025,2005
NASA Langley Research Center,Issued,LAR-16406-1-CU,7491169,09/20/2025,2005
NASA Langley Research Center,Issued,LAR-16437-1-NP,7169374,05/11/2025,2005
NASA Langley Research Center,Issued,LAR-16499-1,7491428,11/15/2025,2005
NASA Langley Research Center,Issued,LAR-16549-1,7262543,04/17/2025,2005
NASA Langley Research Center,Issued,LAR-16615-2,7541388,05/05/2025,2005
NASA Langley Research Center,Issued,LAR-16698-1,7394181,03/04/2025,2005
NASA Langley Research Center,Issued,LAR-16868-1,7341883,09/27/2025,2005
NASA Langley Research Center,Issued,LAR-16877-1,7186367,07/08/2025,2005
NASA Langley Research Center,Issued,LAR-16946-1,7484930,07/01/2025,2005
NASA Langley Research Center,Issued,LAR-16970-1,7231832,12/02/2025,2005
NASA Langley Research Center,Issued,LAR-16974-1,7047807,08/08/2025,2005
NASA Langley Research Center,Issued,LAR-17003-1,7467921,09/22/2025,2005
NASA Langley Research Center,Issued,LAR-17112-1,7507472,09/08/2025,2005
NASA Langley Research Center,Issued,LAR-17128-1,7285933,07/20/2025,2005
NASA Glenn Research Center,Issued,LEW-17166-1,7497443,05/03/2025,2005
NASA Glenn Research Center,Issued,LEW-17498-1,7187835,01/28/2025,2005
NASA Glenn Research Center,Issued,LEW-17630-1,7534519,09/16/2025,2005
NASA Glenn Research Center,Issued,LEW-17661-1 with LEW-17765-1,7438030,08/26/2025,2005
NASA Glenn Research Center,Issued,LEW-17664-1,7500350,01/28/2025,2005
NASA Glenn Research Center,Issued,LEW-17671-1,7493869,12/16/2025,2005
NASA Glenn Research Center,Issued,LEW-17678-1,7624566,01/18/2025,2005
NASA Glenn Research Center,Issued,LEW-17694-1,7397978,07/13/2025,2005
NASA Glenn Research Center,Issued,LEW-17765-1 with LEW-17661-1,7438030,10/21/2025,2005
NASA Glenn Research Center,Issued,LEW-17991-1,7390161,06/24/2025,2005
NASA Glenn Research Center,Issued,LEW-18692-1,7332146,06/08/2025,2005
NASA Marshall Space Flight Center,Issued,MFS-31789-1,7265476,11/01/2025,2005
NASA Marshall Space Flight Center,Issued,MFS-31807-1,7050161,01/07/2025,2005
NASA Marshall Space Flight Center,Issued,MFS-31838-1,7641949,10/15/2025,2005
NASA Marshall Space Flight Center,Issued,MFS-31842-1,7347089,11/26/2025,2005
NASA Marshall Space Flight Center,Issued,MFS-31852-1,7106457,01/21/2025,2005
NASA Marshall Space Flight Center,Issued,MFS-31891-1,7375801,11/06/2025,2005
NASA Marshall Space Flight Center,Issued,MFS-31918-1,7275675,01/15/2025,2005
NASA Marshall Space Flight Center,Issued,MFS-32175-1,7228241,06/13/2025,2005
NASA Marshall Space Flight Center,Issued,MFS-32208-1,7259981,12/14/2025,2005
NASA Johnson Space Center,Issued,MSC-21947-1,7541159,08/28/2025,2005
NASA Johnson Space Center,Issued,MSC-23449-1,7386340,12/30/2025,2005
NASA Johnson Space Center,Issued,MSC-23563-1,7270851,05/14/2025,2005
NASA Johnson Space Center,Issued,MSC-23594-1,7125370,02/22/2025,2005
NASA Johnson Space Center,Issued,MSC-23668-1,7250075,11/04/2025,2005
NASA Johnson Space Center,Issued,MSC-23695-1,7249540,08/27/2025,2005
NASA Johnson Space Center,Issued,MSC-23997-2,7815149,04/01/2025,2005
NASA Jet Propulsion Laboratory,Issued,NPO-40407-1,7592747,02/09/2025,2005
NASA Ames Research Center,Issued,ARC-14231-2DIV,6976013,06/16/2024,2004
NASA Ames Research Center,Issued,ARC-14653-1,7702427,07/30/2024,2004
NASA Ames Research Center,Issued,ARC-14653-2,8290696,07/30/2024,2004
NASA Ames Research Center,Issued,ARC-14743-1,7767305,01/14/2024,2004
NASA Ames Research Center,Issued,ARC-14744-1US,7816491,05/06/2024,2004
NASA Ames Research Center,Issued,ARC-14744-2,7795388,05/06/2024,2004
NASA Ames Research Center,Issued,ARC-14940-1,7135172,06/12/2024,2004
NASA Ames Research Center,Issued,ARC-14970-1,7129857,07/20/2024,2004
NASA Ames Research Center,Issued,ARC-15041-2,7206674,05/21/2024,2004
NASA Ames Research Center,Issued,ARC-15101-1,7113265,03/17/2024,2004
NASA Ames Research Center,Issued,ARC-15173-2,7784531,02/16/2024,2004
NASA Ames Research Center,Issued,ARC-15201-1,7381459,02/12/2024,2004
NASA Ames Research Center,Issued,ARC-15201-2,7314648,02/12/2024,2004
NASA Ames Research Center,Issued,ARC-15204-1DIV,8494782,06/24/2024,2004
NASA Ames Research Center,Issued,ARC-15205-1,7939734,06/14/2024,2004
NASA Ames Research Center,Issued,ARC-15314-2,7704547,12/07/2024,2004
NASA Ames Research Center,Issued,ARC-15356-2,7161501,09/22/2024,2004
NASA Ames Research Center,Issued,ARC-15356-3,7212135,09/22/2024,2004
NASA Ames Research Center,Issued,ARC-15404-1,7288490,12/07/2024,2004
NASA Goddard Space Flight Center,Issued,GSC-14389-1,7543274,02/25/2024,2004
NASA Goddard Space Flight Center,Issued,GSC-14807-1,7464006,10/07/2024,2004
NASA Langley Research Center,Issued,LAR-16001-1,7371358,10/25/2024,2004
NASA Langley Research Center,Issued,LAR-16475-1,7194912,08/07/2024,2004
NASA Langley Research Center,Issued,LAR-16496-1,7104498,10/03/2024,2004
NASA Langley Research Center,Issued,LAR-16532-1,7334998,12/06/2024,2004
NASA Langley Research Center,Issued,LAR-16566-1,7285932,10/27/2024,2004
NASA Langley Research Center,Issued,LAR-16571-1,7075295,04/30/2024,2004
NASA Langley Research Center,Issued,LAR-16571-2,7589525,09/26/2024,2004
NASA Langley Research Center,Issued,LAR-16573-1,7129467,09/29/2024,2004
NASA Langley Research Center,Issued,LAR-16575-1,7181942,11/24/2024,2004
NASA Langley Research Center,Issued,LAR-16615-1,6956066,02/11/2024,2004
NASA Langley Research Center,Issued,LAR-16616-1,7758927,09/30/2024,2004
NASA Langley Research Center,Issued,LAR-16854-1,7381186,08/02/2024,2004
NASA Langley Research Center,Issued,LAR-16900-1,7278324,08/07/2024,2004
NASA Langley Research Center,Issued,LAR-16908-1,7086593,05/04/2024,2004
NASA Langley Research Center,Issued,LAR-17280-1,7159774,04/30/2024,2004
NASA Glenn Research Center,Issued,LEW-17256-2,7518234,08/25/2024,2004
NASA Glenn Research Center,Issued,LEW-17317-1,7687016,02/13/2024,2004
NASA Glenn Research Center,Issued,LEW-17483-1,7191013,11/08/2024,2004
NASA Glenn Research Center,Issued,LEW-17517-1,7326027,05/25/2024,2004
NASA Glenn Research Center,Issued,LEW-17520-1,7259692,09/01/2024,2004
NASA Glenn Research Center,Issued,LEW-17551-1,7410714,07/15/2024,2004
NASA Glenn Research Center,Issued,LEW-17561-1,7400096,07/19/2024,2004
NASA Glenn Research Center,Issued,LEW-17589-1,7305935,08/25/2024,2004
NASA Glenn Research Center,Issued,LEW-17592-1,7704622,08/26/2024,2004
NASA Glenn Research Center,Issued,LEW-17605-1,8394492,10/28/2024,2004
NASA Glenn Research Center,Issued,LEW-17618-1,7015304,07/23/2024,2004
NASA Glenn Research Center,Issued,LEW-17672-1,7261783,09/22/2024,2004
NASA Glenn Research Center,Issued,LEW-17704-1,7250723,12/21/2024,2004
NASA Marshall Space Flight Center,Issued,MFS-31529-1,7081730,06/19/2024,2004
NASA Marshall Space Flight Center,Issued,MFS-31823-1-DIV,7095000,11/27/2024,2004
NASA Johnson Space Center,Issued,MSC-23277-1,7295309,11/12/2024,2004
NASA Johnson Space Center,Issued,MSC-23424-1,6985606,06/12/2024,2004
NASA Johnson Space Center,Issued,MSC-23436-1,7126553,08/11/2024,2004
NASA Johnson Space Center,Issued,MSC-23518-1,7168935,09/29/2024,2004
NASA Johnson Space Center,Issued,MSC-23659-1,7094045,06/09/2024,2004
NASA Jet Propulsion Laboratory,Issued,NPO-40040-1,7480984,06/07/2024,2004
NASA Jet Propulsion Laboratory,Issued,NPO-40827-1,7156189,12/01/2024,2004
NASA Ames Research Center,Issued,ARC-14662-1,6968338,07/18/2023,2003
NASA Ames Research Center,Issued,ARC-14682-2,7333735,11/03/2023,2003
NASA Ames Research Center,Issued,ARC-14733-1,6972056,01/03/2023,2003
NASA Ames Research Center,Issued,ARC-15042-2,7217650,03/11/2023,2003
NASA Ames Research Center,Issued,ARC-15088-1,7070923,09/20/2023,2003
NASA Ames Research Center,Issued,ARC-15173-1,7273095,03/11/2023,2003
NASA Goddard Space Flight Center,Issued,GSC-14393-1,7145739,03/06/2023,2003
NASA Goddard Space Flight Center,Issued,GSC-14608-1,6990436,11/28/2023,2003
NASA Goddard Space Flight Center,Issued,GSC-14616-1,7248342,12/05/2023,2003
NASA Goddard Space Flight Center,Issued,GSC-14673-1,6901353,07/08/2023,2003
NASA Langley Research Center,Issued,LAR-16326-1,7060991,04/10/2023,2003
NASA Langley Research Center,Issued,LAR-16363-1,6856073,03/13/2023,2003
NASA Langley Research Center,Issued,LAR-16383-1-NP,7588699,07/02/2023,2003
NASA Langley Research Center,Issued,LAR-16390-1-SB,7318915,01/13/2023,2003
NASA Langley Research Center,Issued,LAR-16393-1,6919669,05/31/2023,2003
NASA Langley Research Center,Issued,LAR-16516-1,6879893,09/30/2023,2003
NASA Langley Research Center,Issued,LAR-16517-1,7048228,10/03/2023,2003
NASA Langley Research Center,Issued,LAR-16696-1,7048235,10/03/2023,2003
NASA Glenn Research Center,Issued,LEW-17182-1,7086648,08/22/2023,2003
NASA Glenn Research Center,Issued,LEW-17240-1,7427428,06/24/2023,2003
NASA Glenn Research Center,Issued,LEW-17293-1,7023118,03/12/2023,2003
NASA Glenn Research Center,Issued,LEW-17293-2,6809450,12/04/2023,2003
NASA Glenn Research Center,Issued,LEW-17383-1,6967462,06/05/2023,2003
NASA Glenn Research Center,Issued,LEW-17494-1,7458221,10/23/2023,2003
NASA Glenn Research Center,Issued,LEW-17510-1,7416062,10/23/2023,2003
NASA Glenn Research Center,Issued,LEW-17951-1,8545786,07/16/2023,2003
NASA Marshall Space Flight Center,Issued,MFS-31490-1,7118074,10/17/2023,2003
NASA Marshall Space Flight Center,Issued,MFS-31584-1-CIP,6845605,01/26/2023,2003
NASA Marshall Space Flight Center,Issued,MFS-31646-1,6860099,05/24/2023,2003
NASA Marshall Space Flight Center,Issued,MFS-31698-1,6802999,05/02/2023,2003
NASA Marshall Space Flight Center,Issued,MFS-31706-1,6886392,07/17/2023,2003
NASA Marshall Space Flight Center,Issued,MFS-31761-1,6802488,01/29/2023,2003
NASA Marshall Space Flight Center,Issued,MFS-31785-1,7006203,08/21/2023,2003
NASA Marshall Space Flight Center,Issued,MFS-31828-1,6918970,04/12/2023,2003
NASA Marshall Space Flight Center,Issued,MFS-31843-1,7174077,07/30/2023,2003
NASA Marshall Space Flight Center,Issued,MFS-31865-1,6888476,07/21/2023,2003
NASA Marshall Space Flight Center,Issued,MFS-31886-1,6850592,01/08/2023,2003
NASA Marshall Space Flight Center,Issued,MFS-31944-1,7017812,11/26/2023,2003
NASA Johnson Space Center,Issued,MSC-22859-3,7198947,12/22/2023,2003
NASA Johnson Space Center,Issued,MSC-23153-1,6995572,11/04/2023,2003
NASA Johnson Space Center,Issued,MSC-23154-1,7113820,05/03/2023,2003
NASA Johnson Space Center,Issued,MSC-23427-1,6944504,07/23/2023,2003
NASA Johnson Space Center,Issued,MSC-23444-1,6932090,07/01/2023,2003
NASA Johnson Space Center,Issued,MSC-23510-1,6851647,04/03/2023,2003
NASA Johnson Space Center,Issued,MSC-23538-1,6943619,05/21/2023,2003
NASA Johnson Space Center,Issued,MSC-23539-1,6943621,08/16/2023,2003
NASA Jet Propulsion Laboratory,Issued,NPO-30703-1,7240208,04/23/2023,2003
NASA Ames Research Center,Issued,ARC-14556-1,7346172,08/24/2022,2002
NASA Ames Research Center,Issued,ARC-14586-1DIV,7293001,01/07/2022,2002
NASA Ames Research Center,Issued,ARC-14661-1,7276266,12/13/2022,2002
NASA Ames Research Center,Issued,ARC-14661-2,7473436,12/13/2022,2002
NASA Ames Research Center,Issued,ARC-14941-1,6755530,10/18/2022,2002
NASA Armstrong Flight Research Center,Issued,DRC-001-049,7180943,03/26/2022,2002
NASA Goddard Space Flight Center,Issued,GSC-13817-4,6862558,02/13/2022,2002
NASA Goddard Space Flight Center,Issued,GSC-13905-1,6640949,03/01/2022,2002
NASA Goddard Space Flight Center,Issued,GSC-14413-1,7255483,03/01/2022,2002
NASA Goddard Space Flight Center,Issued,GSC-14435-1,6740224,06/11/2022,2002
NASA Goddard Space Flight Center,Issued,GSC-14601-1,7008605,11/08/2022,2002
NASA Goddard Space Flight Center,Issued,GSC-14666-1,6775600,10/07/2022,2002
NASA Langley Research Center,Issued,LAR-15854-1,6761695,07/28/2022,2002
NASA Langley Research Center,Issued,LAR-15927-1,6584848,09/30/2022,2002
NASA Langley Research Center,Issued,LAR-15943-1,6746410,11/16/2022,2002
NASA Langley Research Center,Issued,LAR-16020-1,6629446,01/26/2022,2002
NASA Langley Research Center,Issued,LAR-16307-1-SB,7390768,01/22/2022,2002
NASA Langley Research Center,Issued,LAR-16311-1,6777525,04/01/2022,2002
NASA Langley Research Center,Issued,LAR-16432-1,7692116,07/03/2022,2002
NASA Langley Research Center,Issued,LAR-16440-1,6740048,09/25/2022,2002
NASA Langley Research Center,Issued,LAR-16510-1,6773407,12/25/2022,2002
NASA Langley Research Center,Issued,LAR-17745-1,7906043,11/01/2022,2002
NASA Glenn Research Center,Issued,LEW-16901-1,7190741,10/21/2022,2002
NASA Glenn Research Center,Issued,LEW-17157-1,6869480,07/17/2022,2002
NASA Glenn Research Center,Issued,LEW-17167-1,6667725,07/11/2022,2002
NASA Glenn Research Center,Issued,LEW-17170-1,6706549,04/12/2022,2002
NASA Glenn Research Center,Issued,LEW-17256-1,6845664,10/03/2022,2002
NASA Glenn Research Center,Issued,LEW-17291-1,6784276,07/25/2022,2002
NASA Glenn Research Center,Issued,LEW-17299-1,6881820,05/13/2022,2002
NASA Marshall Space Flight Center,Issued,MFS-31243-2-CON,6560375,05/10/2022,2002
NASA Marshall Space Flight Center,Issued,MFS-31294-2-CIP2,6592687,07/11/2022,2002
NASA Marshall Space Flight Center,Issued,MFS-31399-1,6658329,06/05/2022,2002
NASA Marshall Space Flight Center,Issued,MFS-31475-2-DIV,6580567,06/17/2022,2002
NASA Marshall Space Flight Center,Issued,MFS-31565-1,6885779,08/17/2022,2002
NASA Marshall Space Flight Center,Issued,MFS-31593-1,6939610,09/20/2022,2002
NASA Marshall Space Flight Center,Issued,MFS-31596-1,6873762,10/12/2022,2002
NASA Marshall Space Flight Center,Issued,MFS-31727-1,6953129,11/07/2022,2002
NASA Marshall Space Flight Center,Issued,MFS-31768-1,6745942,08/05/2022,2002
NASA Johnson Space Center,Issued,MSC-22863-1,7122071,12/21/2022,2002
NASA Johnson Space Center,Issued,MSC-23178-1,6997637,05/19/2022,2002
NASA Johnson Space Center,Issued,MSC-23309-1,7040319,04/27/2022,2002
NASA Johnson Space Center,Issued,MSC-23443-1,6647855,09/30/2022,2002
NASA Jet Propulsion Laboratory,Issued,NPO-20031-1,6828935,07/19/2022,2002
NASA Ames Research Center,Issued,ARC-14512-1,6823333,03/02/2021,2001
NASA Ames Research Center,Issued,ARC-14513-1,6741981,09/14/2021,2001
NASA Ames Research Center,Issued,ARC-14514-1,6697793,03/02/2021,2001
NASA Ames Research Center,Issued,ARC-14515-1,6721728,07/26/2021,2001
NASA Goddard Space Flight Center,Issued,GSC-14064-1,6648522,03/13/2021,2001
NASA Goddard Space Flight Center,Issued,GSC-14207-1,6626792,03/03/2021,2001
NASA Goddard Space Flight Center,Issued,GSC-14305-1,6895115,04/23/2021,2001
NASA Langley Research Center,Issued,LAR-15851-1-CU,6753293,05/11/2021,2001
NASA Langley Research Center,Issued,LAR-15959-1,7019621,01/02/2021,2001
NASA Langley Research Center,Issued,LAR-15990-1,6551251,02/13/2021,2001
NASA Langley Research Center,Issued,LAR-16012-1-CU,6834125,06/25/2021,2001
NASA Langley Research Center,Issued,LAR-16079-1,6939940,01/05/2021,2001
NASA Langley Research Center,Issued,LAR-16116-1,6888346,11/28/2021,2001
NASA Langley Research Center,Issued,LAR-16231-1-CU,7092539,11/28/2021,2001
NASA Langley Research Center,Issued,LAR-16324-1,6714132,11/27/2021,2001
NASA Langley Research Center,Issued,LAR-16324-2,7106203,11/27/2021,2001
NASA Langley Research Center,Issued,LAR-16332-1-CU,6842543,06/25/2021,2001
NASA Langley Research Center,Issued,LAR-17157-1,7507784,01/05/2021,2001
NASA Glenn Research Center,Issued,LEW-17153-1,6550696,02/27/2021,2001
NASA Marshall Space Flight Center,Issued,MFS-31294-7-CIP,6669792,03/02/2021,2001
NASA Marshall Space Flight Center,Issued,MFS-31559-1-CON,8127977,11/27/2021,2001
NASA Marshall Space Flight Center,Issued,MFS-31559-1-DIV,7980449,11/27/2021,2001
NASA Marshall Space Flight Center,Issued,MFS-31559-2-DIV,8225984,11/27/2021,2001
NASA Marshall Space Flight Center,Issued,MFS-31584-1,6497091,06/06/2021,2001
NASA Marshall Space Flight Center,Issued,MFS-31616-1,6540426,09/04/2021,2001
NASA Marshall Space Flight Center,Issued,MFS-32024-1,8297468,07/13/2021,2001
NASA Johnson Space Center,Issued,MSC-22633-2,6673597,02/28/2021,2001
NASA Johnson Space Center,Issued,MSC-22839-1,6501414,04/02/2021,2001
NASA Johnson Space Center,Issued,MSC-22936-3,6676964,01/26/2021,2001
NASA Johnson Space Center,Issued,MSC-22936-4,6599449,01/24/2021,2001
NASA Johnson Space Center,Issued,MSC-23029-1,6651739,07/20/2021,2001
NASA Johnson Space Center,Issued,MSC-23037-1,6864473,11/14/2021,2001
NASA Johnson Space Center,Issued,MSC-23049-3,6592579,06/28/2021,2001
NASA Johnson Space Center,Issued,MSC-23049-4,6675050,05/07/2021,2001
NASA Johnson Space Center,Issued,MSC-23092-1,6547189,05/26/2021,2001
NASA Johnson Space Center,Issued,MSC-23193-1,6618010,11/14/2021,2001
NASA Johnson Space Center,Issued,MSC-23311-1,6650280,09/14/2021,2001
NASA Johnson Space Center,Issued,MSC-23314-1,6899009,06/26/2021,2001
NASA Johnson Space Center,Issued,MSC-24000-1,8076136,10/31/2021,2001
NASA Jet Propulsion Laboratory,Issued,NPO-19855-1,6374630,05/09/2021,2001
NASA Jet Propulsion Laboratory,Issued,NPO-41982-1,8078309,03/03/2021,2001
NASA Ames Research Center,Issued,ARC-14281-3,7191161,11/18/2020,2000
NASA Ames Research Center,Issued,ARC-14359-1,6314362,02/02/2020,2000
NASA Ames Research Center,Issued,ARC-14494-1,6720984,06/13/2020,2000
NASA Goddard Space Flight Center,Issued,GSC-13985-1,6566854,09/12/2020,2000
NASA Goddard Space Flight Center,Issued,GSC-14209-1,6293803,02/09/2020,2000
NASA Goddard Space Flight Center,Issued,GSC-14213-1,6760487,04/14/2020,2000
NASA Goddard Space Flight Center,Issued,GSC-14236-1,6538796,03/31/2020,2000
NASA Goddard Space Flight Center,Issued,GSC-14302-1,6782124,11/29/2020,2000
NASA Langley Research Center,Issued,LAR-15507-1,6475147,01/27/2020,2000
NASA Langley Research Center,Issued,LAR-15508-1,6545760,03/24/2020,2000
NASA Langley Research Center,Issued,LAR-15816-2,7197798,06/30/2020,2000
NASA Langley Research Center,Issued,LAR-15817-1,6450820,07/12/2020,2000
NASA Langley Research Center,Issued,LAR-15834-1,6359107,05/18/2020,2000
NASA Langley Research Center,Issued,LAR-15934-1,6566648,03/24/2020,2000
NASA Langley Research Center,Issued,LAR-15954-1,6376830,06/15/2020,2000
NASA Langley Research Center,Issued,LAR-16005-1,6426496,11/26/2020,2000
NASA Langley Research Center,Issued,LAR-16220-1,6867533,10/23/2020,2000
NASA Marshall Space Flight Center,Issued,MFS-31175-2-CIP,6578851,10/16/2020,2000
NASA Marshall Space Flight Center,Issued,MFS-31294-5-CIP,6399020,10/11/2020,2000
NASA Marshall Space Flight Center,Issued,MFS-31294-6-CIP,6419769,12/22/2020,2000
NASA Marshall Space Flight Center,Issued,MFS-31387-1,6361961,04/25/2020,2000
NASA Marshall Space Flight Center,Issued,MFS-31413-1,6497355,10/19/2020,2000
NASA Marshall Space Flight Center,Issued,MFS-31475-1,6424470,07/28/2020,2000
NASA Johnson Space Center,Issued,MSC-22633-1,6485963,06/02/2020,2000
NASA Johnson Space Center,Issued,MSC-22724-2,6226553,02/09/2020,2000
NASA Johnson Space Center,Issued,MSC-22724-3,6223086,02/09/2020,2000
NASA Johnson Space Center,Issued,MSC-22724-5,6496736,02/09/2020,2000
NASA Johnson Space Center,Issued,MSC-22859-2,6946246,03/21/2020,2000
NASA Johnson Space Center,Issued,MSC-22936-2,6558698,12/06/2020,2000
NASA Johnson Space Center,Issued,MSC-23076-1,6321746,05/17/2020,2000
NASA Johnson Space Center,Issued,MSC-23307-1,6559645,11/17/2020,2000
NASA Jet Propulsion Laboratory,Issued,NPO-20837-1,6526556,06/07/2020,2000
NASA Ames Research Center,Issued,ARC-14281-1,6606612,08/13/2019,1999
NASA Ames Research Center,Issued,ARC-14613-1,6858197,11/30/2019,1999
NASA Goddard Space Flight Center,Issued,GSC-13817-3,6381559,03/31/2019,1999
NASA Langley Research Center,Issued,LAR-15449-1,6133401,06/29/2019,1999
NASA Langley Research Center,Issued,LAR-15449-2,6288209,06/29/2019,1999
NASA Langley Research Center,Issued,LAR-15637-2,6447265,06/26/2019,1999
NASA Langley Research Center,Issued,LAR-15747-1-CU,6200539,07/20/2019,1999
NASA Langley Research Center,Issued,LAR-15767-1,6180746,05/21/2019,1999
NASA Langley Research Center,Issued,LAR-15816-1,6629341,10/29/2019,1999
NASA Langley Research Center,Issued,LAR-15818-3,6922242,06/21/2019,1999
NASA Langley Research Center,Issued,LAR-15831-1,5994418,05/21/2019,1999
NASA Langley Research Center,Issued,LAR-15831-2,6235803,05/21/2019,1999
NASA Langley Research Center,Issued,LAR-15831-3,6084000,05/21/2019,1999
NASA Langley Research Center,Issued,LAR-15977-1,6133330,05/21/2019,1999
NASA Langley Research Center,Issued,LAR-16871-1,6413227,12/02/2019,1999
NASA Glenn Research Center,Issued,LEW-16519-2,6291838,11/15/2019,1999
NASA Glenn Research Center,Issued,LEW-18059-1,8242162,11/30/2019,1999
NASA Marshall Space Flight Center,Issued,MFS-31243-1,6459822,07/26/2019,1999
NASA Marshall Space Flight Center,Issued,MFS-31303-1,6748349,05/07/2019,1999
NASA Johnson Space Center,Issued,MSC-22721-2,6254359,07/09/2019,1999
NASA Johnson Space Center,Issued,MSC-22900-1,6231010,01/25/2019,1999
NASA Johnson Space Center,Issued,MSC-22931-1,6354540,09/20/2019,1999
NASA Johnson Space Center,Issued,MSC-22970-1,6253563,06/03/2019,1999
NASA Johnson Space Center,Issued,MSC-22970-2,6469487,06/03/2019,1999
NASA Johnson Space Center,Issued,MSC-22970-3,6453693,06/03/2019,1999
NASA Johnson Space Center,Issued,MSC-23041-1,6334302,06/28/2019,1999
NASA Jet Propulsion Laboratory,Issued,NPO-19289-1,6513023,10/01/2019,1999
NASA Ames Research Center,Issued,ARC-14275-1,6445390,12/24/2018,1998
NASA Armstrong Flight Research Center,Issued,DRC-096-055,6126111,07/08/2018,1998
NASA Armstrong Flight Research Center,Issued,DRC-098-001,6216063,05/06/2018,1998
NASA Goddard Space Flight Center,Issued,GSC-13909-1,6311130,09/10/2018,1998
NASA Headquarters,Issued,HQN-11248-1,6223143,08/31/2018,1998
NASA Langley Research Center,Issued,LAR-15745-1,6222007,05/29/2018,1998
NASA Marshall Space Flight Center,Issued,MFS-31258-1,6135255,12/09/2018,1998
NASA Marshall Space Flight Center,Issued,MFS-31488-1,6028693,01/14/2018,1998
NASA Johnson Space Center,Issued,MSC-22616-3,6716392,01/14/2018,1998
NASA Johnson Space Center,Issued,MSC-22695-1,6261844,12/17/2018,1998
NASA Johnson Space Center,Issued,MSC-22724-1,6047216,08/05/2018,1998
NASA Johnson Space Center,Issued,MSC-22866-1,6099864,05/15/2018,1998
NASA Johnson Space Center,Issued,MSC-22936-1,6387399,05/15/2018,1998
NASA Johnson Space Center,Issued,MSC-22937-1,6214300,05/15/2018,1998
NASA Johnson Space Center,Issued,MSC-22938-1,6103271,05/15/2018,1998
NASA Stennis Space Center,Issued,SSC-00050,6020587,01/06/2018,1998
NASA Ames Research Center,Issued,ARC-14231-1,6109270,02/04/2017,1997
NASA Ames Research Center,Issued,ARC-14231-3,6718196,02/04/2017,1997
NASA Armstrong Flight Research Center,Issued,DRC-097-021,6102330,07/29/2017,1997
NASA Goddard Space Flight Center,Issued,GSC-13817-1,5983162,06/10/2017,1997
NASA Goddard Space Flight Center,Issued,GSC-13817-2,6631325,06/10/2017,1997
NASA Goddard Space Flight Center,Issued,GSC-13817-5,6738734,06/10/2017,1997
NASA Langley Research Center,Issued,LAR-14673-1,5736642,01/08/2017,1997
NASA Langley Research Center,Issued,LAR-14840-1,5841032,01/24/2017,1997
NASA Langley Research Center,Issued,LAR-15318-1,5798521,02/27/2017,1997
NASA Langley Research Center,Issued,LAR-15524-1,6000844,03/04/2017,1997
NASA Langley Research Center,Issued,LAR-15525-1-CU,5948965,04/28/2017,1997
NASA Langley Research Center,Issued,LAR-15652-1-CU,6132694,12/16/2017,1997
NASA Glenn Research Center,Issued,LEW-16183-1,5866518,01/16/2017,1997
NASA Johnson Space Center,Issued,MSC-22122-1,6117674,09/12/2017,1997
NASA Johnson Space Center,Issued,MSC-22757-1,5879079,08/20/2017,1997
NASA Johnson Space Center,Issued,MSC-22859-1,6730498,04/08/2017,1997
NASA Goddard Space Flight Center,Issued,GSC-13802-1,6584874,07/02/2016,1996
NASA Langley Research Center,Issued,LAR-15282-1,5755571,09/09/2016,1996
NASA Langley Research Center,Issued,LAR-15370-1-SB,5640408,01/27/2016,1996
NASA Langley Research Center,Issued,LAR-15376-1,5771204,11/21/2016,1996
NASA Langley Research Center,Issued,LAR-15514-1-SB,5991456,05/29/2016,1996
NASA Langley Research Center,Issued,LAR-15637-1,6015272,06/26/2016,1996
NASA Johnson Space Center,Issued,MSC-21715-2,5869238,02/09/2016,1996
NASA Johnson Space Center,Issued,MSC-22797-1,6312398,12/19/2016,1996
NASA Stennis Space Center,Issued,SSC-00040,5726632,03/14/2016,1996
NASA Ames Research Center,Issued,ARC-14048-1,5694939,10/03/2015,1995
NASA Langley Research Center,Issued,LAR-15205-1,5741883,04/21/2015,1995
NASA Langley Research Center,Issued,LAR-15348-1,5632841,04/04/2015,1995
NASA Langley Research Center,Issued,LAR-15348-2,6734603,04/04/2015,1995
NASA Langley Research Center,Issued,LAR-15351-1-CU,5585083,03/30/2015,1995
NASA Langley Research Center,Issued,LAR-15406-1,5617873,05/23/2015,1995
NASA Langley Research Center,Issued,LAR-15412-1,5606014,08/04/2015,1995
NASA Langley Research Center,Issued,LAR-15412-2,5689004,08/04/2015,1995
NASA Marshall Space Flight Center,Issued,MFS-28402-2,5780594,07/14/2015,1995
NASA Marshall Space Flight Center,Issued,MFS-28985-1,5641681,04/17/2015,1995
NASA Johnson Space Center,Issued,MSC-22119-1,5851816,12/22/2015,1995
NASA Johnson Space Center,Issued,MSC-22489-1,5827531,10/27/2015,1995
NASA Johnson Space Center,Issued,MSC-22616-2,6133036,12/12/2015,1995
